<?xml version="1.0" encoding="utf-8"?>
<!DOCTYPE hibernate-configuration SYSTEM "http://www.hibernate.org/dtd/hibernate-configuration-3.0.dtd">


<hibernate-configuration>
    <session-factory>
        <property name="hibernate.dialect">org.hibernate.dialect.MySQLDialect</property>
        <property name="hibernate.connection.driver_class">com.mysql.jdbc.Driver</property>
        <property name="hibernate.connection.username">root</property>
        <property name="hibernate.connection.password">Passw0rd1</property>
        <property name="hibernate.connection.url">jdbc:mysql://localhost:3306/mine_management</property>
        <property name="show_sql">true</property>
        <property name="format_sql">false</property>
        <mapping class="com.mining.Entities.Admin"/>
	<mapping class="com.mining.Entities.Inspector"/>
        <mapping class="com.mining.Entities.Region"/>
	<mapping class="com.mining.Entities.Mine"/>
	<mapping class="com.mining.Entities.Manager"/>
	<mapping class="com.mining.Entities.Boiler"/>
	<mapping class="com.mining.Entities.Chairlift"/>
        <mapping class="com.mining.Entities.Lift"/>
	<mapping class="com.mining.Entities.Winder"/>
	<mapping class="com.mining.Entities.Shaft"/>
    </session-factory>
</hibernate-configuration>