<?xml version="1.0" encoding="UTF-8"?>
<project-private xmlns="http://www.netbeans.org/ns/project-private/1">
    <editor-bookmarks xmlns="http://www.netbeans.org/ns/editor-bookmarks/2" lastBookmarkId="0"/>
    <open-files xmlns="http://www.netbeans.org/ns/projectui-open-files/2">
        <group>
            <file>file:/C:/Users/LQwabe/Documents/NetBeansProjects/MiningApp/src/java/com/mining/model/Admin.java</file>
            <file>file:/C:/Users/LQwabe/Documents/NetBeansProjects/MiningApp/src/java/Test.java</file>
            <file>file:/C:/Users/LQwabe/Documents/NetBeansProjects/MiningApp/src/java/com/mining/model/Mine.java</file>
            <file>file:/C:/Users/LQwabe/Documents/NetBeansProjects/MiningApp/src/java/com/mining/hibernate/util/HibernateUtil.java</file>
            <file>file:/C:/Users/LQwabe/Documents/NetBeansProjects/MiningApp/src/java/com/mining/service/InspectorService.java</file>
            <file>file:/C:/Users/LQwabe/Documents/NetBeansProjects/MiningApp/src/java/com/mining/service/LoginService.java</file>
            <file>file:/C:/Users/LQwabe/Documents/NetBeansProjects/MiningApp/src/java/com/mining/model/Manager.java</file>
            <file>file:/C:/Users/LQwabe/Documents/NetBeansProjects/MiningApp/src/java/com/mining/model/Inspector.java</file>
        </group>
    </open-files>
</project-private>
